,FxPair,Avg_Quotes,Avg_Spread
0,eur_usd,549388.9811320754,3.028155904853501e-05
